,sm_app_clock,application,gr_engine_active,sm_active,sm_occupancy,TENSO,dram_active,fp64_active,fp32_active,FP16A,pcie_tx_bytes,pcie_rx_bytes,gpu_utilization,mem_copy_utilization,MUSAM,GUSAM,power_usage,total_energy_consumption,run_time,fp_active
0,510,LAMMPS,0.990624425,0,0,0,0.081334765,0.232638233,0.092027616,0,15361462.32,32170108.29,98.37127953,13.22246088,12.59680884,97.50598343,50.39361553,645.305,15.66666667,0.324665849
1,510,LSTM,0.855390247,0,0,0,0.001708197,0,0.002904779,0,53836411.11,182365415.9,85.82992825,0,0,85.29107382,26.57017177,3332.565,126.6057668,0.002904779
2,510,NAMD,0.733309707,0,0,0,0.026042888,0.005479932,0.202163868,0,1570179867,620297787.4,40.91175633,2.367397286,1.861372047,40.3732802,44.82896157,5671.791,106.37286,0.2076438
3,517,LAMMPS,0.986271354,0,0,0,0.121670127,0.176875885,0.070025012,0,17777125.86,14600875.28,97.74327513,20.51958471,19.92496461,96.87163756,65.4643445,589.97,11,0.246900897
4,517,LSTM,0.870342623,0,0,0,0.001859875,0,0.002923694,0,53298248.66,176913364.8,87.6399445,0,0,87.08215708,26.58696646,3282.52,126.1257284,0.002923694
5,517,NAMD,0.770180817,0,0,0,0.029957249,0.005611133,0.215831398,0,1817827108,744355401.7,47.40228274,2.740088106,2.273928714,46.90388466,46.2451673,5041.154,109.4526825,0.221442531
6,525,LAMMPS,0.978943514,0,0,0,0.129364289,0.173675443,0.06843753,0,23687708.33,55634743.39,97.37577788,20.68358066,20.15797032,96.46768789,66.08726376,589.983,11,0.242112973
7,525,LSTM,0.871117916,0,0,0,0.00185953,0,0.002876429,0,53189302.49,169848953.4,87.58043202,0,0,87.06626429,26.97304949,3265.561,124.5376829,0.002876429
8,525,NAMD,0.732275346,0,0,0,0.026702817,0.005248233,0.203340015,0,1545664350,619775853.6,44.76706404,2.664310581,2.161620424,44.2549847,45.27730183,5116.671,106.500145,0.208588248
9,532,LAMMPS,0.990326682,0,0,0,0.124001856,0.169908121,0.070497448,0,26423347.23,50901036.27,97.68074246,20.7837587,20.18700696,96.79303944,65.9852942,549.143,11,0.240405569
10,532,LSTM,0.861258973,0,0,0,0.001880151,0,0.00291104,0,51783321.48,162450640,86.63791932,0,0,86.07326867,26.69818292,3263.218,128.3291756,0.00291104
11,532,NAMD,0.772107863,0,0,0,0.028743207,0.004990634,0.214474269,0,1705886084,691072541.9,46.89100453,2.729724166,2.292713051,46.36620008,47.20680084,5093.592,112.3080025,0.219464903
12,540,LAMMPS,0.981428774,0,0,0,0.13013346,0.168585424,0.068653573,0,18289468.19,14743387.72,97.9275911,20.88547089,20.5560814,97.05821107,66.62674397,588.985,11,0.237238997
13,540,LSTM,0.826,0,0,0,0,0,0.002666667,0,0,0,80,0,0,79.33333333,26.703,59.093,128.1869787,0.002666667
14,540,NAMD,0.754765243,0,0,0,0.028116225,0.005115323,0.206758724,0,1717236591,733634577.4,44.50852387,2.641295628,2.184717208,44.02406739,46.50243773,5180.759,114.442982,0.211874047
15,547,LAMMPS,0.9879382,0,0,0,0.127994647,0.170560584,0.067823358,0,22537801.39,44084386.57,97.17420925,21.12214112,20.52262774,96.28223844,67.15793041,548.449,11,0.238383942
16,547,LSTM,0.85981933,0,0,0,0.001821162,0,0.002689829,0,52983837.76,172658445.4,86.16121289,0,0,85.69481996,26.81060278,3268.248,127.5645514,0.002689829
17,547,NAMD,0.746101769,0,0,0,0.027878224,0.005421071,0.201375275,0,1693866494,738156586.1,46.49670406,2.802821788,2.302648317,45.96253036,47.65217659,5020.79,105.5907135,0.206796346
18,555,LAMMPS,0.990118522,0,0,0,0.127672265,0.168504798,0.068056142,0,22141788.89,23830666.06,97.62140115,20.85460653,20.5403071,96.78838772,66.83131238,546.82,11,0.23656094
19,555,LSTM,0.849237131,0,0,0,0.001871723,0,0.002561574,0,51786739.17,162016577.8,85.35322777,0,0,84.84838772,26.92465985,3239.615,122.9345671,0.002561574
20,555,NAMD,0.707535753,0,0,0,0.02633229,0.005102318,0.189116502,0,1622861204,643153185.7,39.84280544,2.426587108,1.916854152,39.34393035,45.43206564,5607.918,109.856697,0.19421882
21,562,LAMMPS,0.986487619,0,0,0,0.13144381,0.171378571,0.066431905,0,23000266.98,14294013.61,97.62142857,21.24809524,20.86428571,96.73809524,67.34460381,585.215,11,0.237810476
22,562,LSTM,0.852991106,0,0,0,0.001755333,0,0.002515517,0,52026245.45,164040596.1,85.52658747,0,0,85.08663474,26.91499272,3246.634,123.5353908,0.002515517
23,562,NAMD,0.740852801,0,0,0,0.028000221,0.004610233,0.199178141,0,1674381549,675979247.2,46.84694441,2.857221792,2.371090728,46.32799204,47.91771754,5054.131,109.227524,0.203788374
24,570,LAMMPS,0.988966341,0,0,0,0.136522439,0.158880976,0.06526878,0,11328073.89,12862989.67,97.51902439,21.27170732,20.68926829,96.76829268,67.26055951,545.27,11,0.224149756
25,570,LSTM,0.844275488,0,0,0,0.001846489,0,0.002512029,0,53065325.95,167359637.7,84.86508453,0,0,84.46749025,27.05508231,3227.342,125.319984,0.002512029
26,570,NAMD,0.758627362,0,0,0,0.030156425,0.005065375,0.204223701,0,1846819329,745210290.3,47.01937478,2.921312255,2.458694877,46.63033401,48.80002567,5032.381,106.4188765,0.209289076
27,577,LAMMPS,0.995596429,0,0,0,0.132215306,0.172512245,0.06859898,0,16029485.69,25406545.75,97.97346939,22.08979592,21.84795918,97.25102041,69.48744745,536.904,11,0.241111225
28,577,LSTM,0.8055,0,0,0,0,0,0.0025,0,0,0,81.5,0,0,80.5,27.0595,14.613,124.2404531,0.0025
29,577,NAMD,0.733283984,0,0,0,0.029382501,0.005692996,0.199203142,0,1809731244,747688929.2,44.65568405,2.774056295,2.289221034,44.07113245,47.74531813,5160.854,110.3806575,0.204896138
30,585,LAMMPS,0.994504894,0,0,0,0.144046368,0.158561566,0.068780526,0,14167360.62,17540609.61,97.124678,22.14837713,21.65121072,96.28902628,69.53061824,579.312,11,0.227342092
31,585,LSTM,0.830454372,0,0,0,0.001786817,0,0.002408141,0,51467260.03,160518192.5,83.52175017,0,0,82.96291357,27.40942948,3295.537,122.850364,0.002408141
32,585,NAMD,0.729546667,0,0,0,0.027810794,0.004384656,0.199786032,0,1793116005,699694432.4,42.23925926,2.668359788,2.158095238,41.83470899,47.3396545,5378.532,105.093151,0.204170688
33,592,LAMMPS,0.980848469,0,0,0,0.13584898,0.161822449,0.066766327,0,33860819.55,98844214.14,97.75969388,22.27908163,21.70153061,96.88214286,69.64927959,538.611,11,0.228588776
34,592,LSTM,0.832053652,0,0,0,0.00199517,0,0.002479081,0,52705448.98,163481351.9,83.62293584,0,0,83.20533908,27.41372273,3247.404,122.0962056,0.002479081
35,592,NAMD,0.712075227,0,0,0,0.027379702,0.004932771,0.189831604,0,1667985406,647984699.1,42.59219628,2.685689581,2.197470817,42.14483355,47.33572601,5243.757,107.500381,0.194764375
36,600,LAMMPS,0.990178347,0,0,0,0.13726046,0.168164226,0.066929916,0,15194528.61,15104816.59,97.7165272,22.57949791,22.02719665,96.84309623,70.35312448,578.461,10.33333333,0.235094142
37,600,LSTM,0.811578384,0,0,0,0.00195991,0,0.002393457,0,53312354.91,168881682.1,81.28550353,0,0,80.86330981,27.64647255,3267.492,121.5777932,0.002393457
38,600,NAMD,0.706949681,0,0,0,0.029577704,0.005329302,0.198265404,0,1928768553,768411636.1,41.31914651,2.711204929,2.23950251,40.92822912,46.82229131,5064.604,101.8434445,0.203594706
39,607,LAMMPS,0.98433367,0,0,0,0.145253407,0.17898839,0.069227663,0,21779950.06,72992619.91,97.18273599,23.56587582,23.16860172,96.33568905,72.95431954,527.446,10,0.248216053
40,607,LSTM,0.773387479,0,0,0,0.00190181,0,0.002246296,0,50455936.82,154324271,77.43642215,0,0,76.94923488,27.28032068,3455.911,123.9083719,0.002246296
41,607,NAMD,0.668881454,0,0,0,0.027144537,0.004581912,0.180539574,0,1663087732,711714644.4,39.40573915,2.624015054,2.072327414,38.90403387,47.10319311,5266.304,107.45121,0.185121486
42,615,LAMMPS,0.989658166,0,0,0,0.144760716,0.173698318,0.070363538,0,16943050.47,16737871.32,97.29354314,23.55832881,23.17362995,96.32664135,73.09489582,526.6,10.33333333,0.244061856
43,615,LSTM,0.774697767,0,0,0,0.001949628,0,0.002267171,0,50570803.17,154564048.7,77.73402978,0,0,77.20569164,27.41648169,3409.131,123.2383392,0.002267171
44,615,NAMD,0.679910413,0,0,0,0.027998153,0.004523089,0.184769684,0,1690424556,691796033.3,38.82659894,2.600092357,2.145693835,38.3780882,46.252,5282.787,101.0819055,0.189292773
45,622,LAMMPS,0.987732279,0,0,0,0.148176663,0.172126499,0.069840785,0,19025861.46,15616649.86,97.80806979,23.85550709,23.58887677,96.96292257,73.68185387,524.61,10,0.241967284
46,622,LSTM,0.807461415,0,0,0,0.001831563,0,0.002343374,0,51888477.79,162261657.9,80.91330373,0,0,80.39988415,27.44313214,3252.735,121.116259,0.002343374
47,622,NAMD,0.66490712,0,0,0,0.026220912,0.004593329,0.180070867,0,1627714921,618029759.3,38.17250674,2.57524708,2.060871518,37.68620845,47.29874236,5533.232,109.0097355,0.184664196
48,630,LAMMPS,0.975067334,0,0,0,0.154539232,0.160256539,0.065528102,0,15443314.27,15561066.13,96.85141903,23.69115192,23.11296605,96.06733445,73.12548859,566.982,10,0.225784641
49,630,LSTM,0.739460788,0,0,0,0.001788496,0,0.002180847,0,46564806.3,147372196.9,73.99211679,0,0,73.53348905,27.66959866,3522.981,123.1816494,0.002180847
50,630,NAMD,0.695386429,0,0,0,0.028588855,0.004629363,0.193563337,0,1749320431,664106461.1,38.2441927,2.660945188,2.173475226,37.737613,47.10940108,5196.653,95.8243675,0.1981927
51,637,LAMMPS,0.979451691,0,0,0,0.165521135,0.183360507,0.071406401,0,19410448.92,26614917.13,97.01570048,25.85326087,25.5615942,96.22584541,77.55877053,514.062,9.666666667,0.254766908
52,637,LSTM,0.779732014,0,0,0,0.001739313,0,0.002301,0,53195125.52,165615405.8,78.35084835,0,0,77.73707747,28.00775963,3284.573,122.1983668,0.002301
53,637,NAMD,0.707068642,0,0,0,0.031359799,0.004963277,0.20314289,0,2040960449,833877774,39.01063951,2.679441711,2.203981238,38.43061435,47.95150955,5144.954,106.276249,0.208106167
54,645,LAMMPS,0.981914641,0,0,0,0.164726734,0.173807943,0.069836396,0,19822098.16,33218474.4,96.83876704,25.31179609,24.78186129,95.8992294,77.30439538,551.656,9.333333333,0.243644339
55,645,LSTM,0.751787027,0,0,0,0.001838186,0,0.002240195,0,51898804.67,158693128.6,75.49870524,0,0,75.00334744,27.78781589,3351.214,121.2381679,0.002240195
56,645,NAMD,0.661367935,0,0,0,0.028030334,0.004542561,0.182181661,0,1745732888,696476068.2,37.14636678,2.61349481,2.129757785,36.73114187,47.2272316,5222.622,101.3735085,0.186724222
57,652,LAMMPS,0.9912,0,0,0,0.161315077,0.188507692,0.073616615,0,14769490.97,14878790.15,97.17046154,26.17292308,25.46215385,96.54092308,78.37052985,510.718,9.666666667,0.262124307
58,652,LSTM,0.776550033,0,0,0,0.001779344,0,0.002256852,0,53012951.98,163537240.9,78.02059016,0,0,77.43567213,27.80532361,3251.809,120.0684068,0.002256852
59,652,NAMD,0.67399103,0,0,0,0.030635394,0.00474497,0.190125697,0,1957139170,792968902.8,40.93454545,2.859515152,2.426545455,40.46266667,49.5568337,4917.89,104.003063,0.194870667
60,660,LAMMPS,0.987843826,0,0,0,0.16177724,0.174953995,0.071779056,0,24543699.29,15400929.11,96.83595642,25.73486683,24.97276029,96.12469734,78.25680508,511.286,9,0.246733051
61,660,LSTM,0.743817246,0,0,0,0.001823386,0,0.002228171,0,51667665.42,158882672,74.75238278,0,0,74.1974669,28.34640498,3366.638,118.9025386,0.002228171
62,660,NAMD,1,0,0,0,0,0.004,0,0,0,0,21,2,1,20,40.59977778,0.92,100.3693165,0.004
63,667,LAMMPS,0.983149032,0,0,0,0.170077419,0.176151613,0.077751613,0,30530245.77,108977317.6,96.30580645,27.20129032,26.67354839,95.47548387,81.48105548,501.042,9,0.253903226
64,667,LSTM,0.760481534,0,0,0,0.001867389,0,0.002214706,0,53070664.24,165322662.5,76.23986351,0,0,75.77994112,28.05313616,3272.632,118.084251,0.002214706
65,667,NAMD,0.68266042,0,0,0,0.030334613,0.004847821,0.204864191,0,1938905431,743709000.3,35.35199819,2.598329194,2.096635809,34.85933619,48.46025581,5479.42,98.984982,0.209712012
66,675,LAMMPS,0.98160013,0,0,0,0.173747554,0.191358121,0.073990215,0,20252341.96,14042808.5,96.94911937,27.68166993,27.20417482,96.2615786,82.07897978,499.654,9,0.265348336
67,675,LSTM,0.747071243,0,0,0,0.001764086,0,0.002235329,0,53156528.84,165019127.7,75.06480156,0,0,74.57130774,28.14353012,3216.183,118.9973848,0.002235329
68,675,NAMD,0.669975716,0,0,0,0.032865621,0.004742428,0.193655116,0,2050901786,864564035.1,42.04870396,3.187585266,2.664392906,41.56057299,50.91241269,4675.679,93.68441,0.198397544
69,682,LAMMPS,0.981294737,0,0,0,0.163738816,0.195457237,0.077148026,0,23670259.33,24776889.79,96.39342105,27.61118421,27.21973684,95.40460526,82.62039934,543.144,9,0.272605263
70,682,LSTM,0.676395304,0,0,0,0.001835521,0,0.002120229,0,48937879.58,146730818.5,67.60824804,0,0,67.10746538,28.09475816,3656.776,123.4776346,0.002120229
71,682,NAMD,0.656100222,0,0,0,0.029253565,0.004234855,0.190839984,0,1788486692,715328406.6,40.23537878,3.022373414,2.560905404,39.85267565,51.24455803,4960.525,108.9407425,0.195074839
72,690,LAMMPS,0.979013532,0,0,0,0.179874154,0.17979364,0.073443843,0,20520852.26,15897548.44,96.22733424,27.27401894,26.91948579,95.36874154,82.38145535,542.138,9,0.253237483
73,690,LSTM,0.707275974,0,0,0,0.001915492,0,0.00220773,0,51314869.01,155923156.4,71.00216851,0,0,70.49677913,28.38105995,3394.024,118.199204,0.00220773
74,690,NAMD,0.638998974,0,0,0,0.030740366,0.004591648,0.180437363,0,1927428281,885943778.6,39.69025641,3.033699634,2.535091575,39.31750916,50.41684454,4824.215,94.3819045,0.185029011
75,697,LAMMPS,0.983399232,0,0,0,0.201210493,0.200096609,0.07881126,0,21898448.53,21619009.58,96.31989763,30.25847729,29.92258477,95.55150352,89.11567498,528.884,8,0.278907869
76,697,LSTM,0.5777,0,0,0,0,0,0.002,0,121113,319298,63.7,0,0,63.3,28.3507,31.782,119.4269104,0.002
77,697,NAMD,0.613328553,0,0,0,0.02887297,0.004967259,0.184223985,0,1800243412,696459917.8,33.6927665,2.572461929,2.113324873,33.16218274,49.07978896,5455.141,94.04924,0.189191244
78,705,LAMMPS,0.995914242,0,0,0,0.192059724,0.214233538,0.081977029,0,14683199.37,14240191.2,96.70214395,31.11179173,30.58192956,96.03292496,90.57652527,486.359,8,0.296210567
79,705,LSTM,0.681291521,0,0,0,0.001812032,0,0.002177057,0,51321510.03,155886539.6,68.75031172,0,0,68.17531172,28.4950745,3461.131,119.1525156,0.002177057
80,705,NAMD,0.646680626,0,0,0,0.030502901,0.005204844,0.194581988,0,2048227358,739357760.4,35.29175076,2.751387487,2.24684662,34.75163976,49.0851057,5046.716,93.2205395,0.199786832
81,712,LAMMPS,0.967663524,0,0,0,0.183114576,0.200784627,0.077973169,0,27880402.65,16480926.73,95.33212473,29.77084844,29.04641044,94.66787527,87.64318782,527.076,8,0.278757796
82,712,LSTM,0.71590346,0,0,0,0.001804391,0,0.00221191,0,52787808.45,162703433.4,71.9251497,0,0,71.52794411,28.5192857,3320.38,117.0760914,0.00221191
83,712,NAMD,0.62842903,0,0,0,0.029636594,0.00464448,0.187927693,0,1834616629,683065637.7,34.29029671,2.698342689,2.219994654,33.84335739,48.61583694,5239.141,107.695858,0.192572173
84,720,LAMMPS,0.99441102,0,0,0,0.204540581,0.199976917,0.077036485,0,18107398.64,32911279.93,96.92553984,30.89947878,30.44601638,96.1839166,90.86649144,485.209,8,0.277013402
85,720,LSTM,0.713992299,0,0,0,0.001892509,0,0.002199052,0,53230061.91,163379227.3,71.80753028,0,0,71.28607162,28.68700592,3268.602,119.1590723,0.002199052
86,720,NAMD,0.652945929,0,0,0,0.035084901,0.004547668,0.191969486,0,2229539580,990246341.3,42.63304348,3.411225296,2.929644269,42.103083,53.48583415,4510.191,90.901558,0.196517154
87,727,LAMMPS,0.979396707,0,0,0,0.19367515,0.201592066,0.079826347,0,21266375.05,62301935.65,95.88922156,30.50149701,29.78368263,95.10928144,89.42639746,485.183,8,0.281418413
88,727,LSTM,0.700514301,0,0,0,0.001724245,0,0.002233316,0,52910544.76,162272930.1,70.23397775,0,0,69.71246028,28.68417048,3299.066,116.1574963,0.002233316
89,727,NAMD,0.653950469,0,0,0,0.034497103,0.004793598,0.202311258,0,2246607544,895053880,39.10968543,3.138383002,2.683774834,38.68722406,52.87532919,4738.74,96.8707655,0.207104856
90,735,LAMMPS,0.959974438,0,0,0,0.205176607,0.197699458,0.080557707,0,49060845.47,25633510.72,95.18280403,31.59721146,31.04725019,94.4306739,91.89185825,477.408,8,0.278257165
91,735,LSTM,0.5795,0,0,0,0,0,0.002,0,56810455,151649513,62.5,0,0,62,28.808,31.107,121.2934062,0.002
92,735,NAMD,0.604949653,0,0,0,0.032497365,0.004521221,0.17752552,0,2046713250,864002865.1,36.5259362,2.963522885,2.529819695,36.12635229,52.19560097,4941.457,101.074631,0.182046741
93,742,LAMMPS,0.972290373,0,0,0,0.213677795,0.202669255,0.078419255,0,15097534.36,15923415.46,95.08695652,31.98835404,31.67158385,94.3136646,92.82196584,519.728,8,0.28108851
94,742,LSTM,0.625814299,0,0,0,0.001659357,0,0.001964854,0,48843455.72,144831657.6,62.77927305,0,0,62.34592971,28.75326068,3730.075,121.4800218,0.001964854
95,742,NAMD,0.604439878,0,0,0,0.031431019,0.004741795,0.177380773,0,2079911947,871514343.6,35.46369445,2.921289573,2.445686901,35.03499855,50.6580822,4920.539,97.563896,0.182122568
96,750,LAMMPS,0.993088811,0,0,0,0.219218881,0.20391958,0.081676923,0,14655991.57,14899926.34,96.5048951,33.11538462,32.55664336,95.65734266,95.68916853,475.076,8,0.285596503
97,750,LSTM,0.693605543,0,0,0,0.001788297,0,0.002201893,0,54060444.79,166287052.2,69.69966385,0,0,69.08218426,29.00878487,3273.579,115.9693975,0.002201893
98,750,NAMD,0.613357101,0,0,0,0.031977663,0.00472855,0.186773225,0,1998407973,784027133.4,38.28387574,3.140088757,2.681065089,37.70591716,52.51892175,4823.42,90.065716,0.191501775
99,757,LAMMPS,0.976633256,0,0,0,0.20889122,0.200276612,0.083313908,0,30126712.48,15612146.13,94.73737374,32.12975913,31.5011655,93.97280497,93.60744367,519.562,8,0.28359052
100,757,LSTM,0.683614281,0,0,0,0.001698531,0,0.002215032,0,53487450.75,164907254.4,68.78708575,0,0,68.18305432,29.36454964,3324.499,114.7322278,0.002215032
101,757,NAMD,0.64125778,0,0,0,0.034429259,0.004647417,0.200294193,0,2163386703,907794658.9,41.25890279,3.456528714,2.992139878,40.76419634,55.43957074,4567.391,90.9294395,0.20494161
102,765,LAMMPS,0.989772688,0,0,0,0.225642178,0.209547105,0.08840363,0,13744640.62,13662220.55,95.43733794,34.69576491,34.07865169,94.89196197,99.38557303,466.977,8,0.297950735
103,765,LSTM,0.605982093,0,0,0,0.001786774,0,0.001875657,0,49313301.7,146102971.2,60.70309083,0,0,60.18243603,29.38759689,3773.352,122.9773698,0.001875657
104,765,NAMD,0.61459304,0,0,0,0.031551337,0.00459304,0.183912568,0,1994772193,809291287.7,35.45125108,2.979580098,2.475266034,34.97742307,52.6600302,5035.631,90.0133895,0.188505608
105,772,LAMMPS,0.976485257,0,0,0,0.225183656,0.205193766,0.087486099,0,21680817.09,57239934.67,94.74810447,33.76748104,33.16512216,93.60067397,97.90445577,511.077,8,0.292679865
106,772,LSTM,0.648406827,0,0,0,0.001720923,0,0.002080531,0,51369114.14,154541302.3,65.32060683,0,0,64.79608091,29.41935234,3525.282,121.3752925,0.002080531
107,772,NAMD,0.597962666,0,0,0,0.032798746,0.004721307,0.178542365,0,2143300480,853866366.3,34.65568033,2.921394196,2.444071751,34.29123523,52.52338749,5051.55,89.561367,0.183263672
108,780,LAMMPS,0.978371795,0,0,0,0.227765224,0.206234776,0.08433734,0,16908908.93,15469398.98,94.95592949,34.85496795,34.41987179,94,98.96578125,467.502,8,0.290572116
109,780,LSTM,0.665203695,0,0,0,0.001708551,0,0.002170753,0,53510914.19,165597260.7,66.98811384,0,0,66.51511241,29.69810433,3373.051,116.6036952,0.002170753
110,780,NAMD,0.639124739,0,0,0,0.036141812,0.00425993,0.195279791,0,2194612579,1002937987,42.65923345,3.703832753,3.204878049,42.12421603,57.11784216,4342.682,87.3496285,0.199539721
111,787,LAMMPS,0.978637916,0,0,0,0.222031597,0.209473954,0.086362084,0,37010796.19,22926035.23,94.21263877,34.25106746,33.86421862,93.41161401,99.03875833,512.823,8,0.295836038
112,787,LSTM,0.662828281,0,0,0,0.00176034,0,0.002172409,0,53602098.96,164102191.5,66.66056756,0,0,66.10481254,29.72534323,3346.583,114.0672494,0.002172409
113,787,NAMD,0.454,0,0,0,0.036141812,0,0.147,0,0,0,19,2,1,19,63.813,0,86.181511,0.147
114,795,LAMMPS,0.96977952,0,0,0,0.240526753,0.213347786,0.086926199,0,24396639.54,15015369.11,94.63653137,36.150369,35.65498155,93.98062731,103.3117961,458.775,7,0.300273985
115,795,LSTM,0.647342266,0,0,0,0.001682455,0,0.00212541,0,53297246.58,162474259.1,65.06344208,0,0,64.57774503,29.85063348,3426.642,117.0101101,0.00212541
116,795,NAMD,0.584242808,0,0,0,0.033046414,0.003879363,0.172926352,0,2047407419,919172998.9,39.94207902,3.557153817,3.110088224,39.52301496,56.03346222,4558.962,88.2122685,0.176805715
117,802,LAMMPS,0.971353509,0,0,0,0.233670175,0.21404386,0.088314035,0,26958085.55,58917994.26,94.99035088,36.18070175,35.62017544,94.22982456,103.3168377,502.321,7,0.302357895
118,802,LSTM,0.662520139,0,0,0,0.001709617,0,0.002163624,0,54305048.17,167022678.4,66.72285714,0,0,66.15066202,29.81678286,3345.099,115.7194534,0.002163624
119,802,NAMD,0.611462419,0,0,0,0.033514063,0.004535833,0.184871286,0,2104125270,946386394.4,36.74845066,3.215318608,2.748291753,36.30573653,53.07353552,4702.981,96.923569,0.189407119
120,810,LAMMPS,0.976084666,0,0,0,0.236129821,0.212425212,0.091498589,0,30849227.51,61879527.51,95.37064911,36.73095014,35.35183443,94.61429915,105.3083744,461.166,7.333333333,0.303923801
121,810,LSTM,0.637035594,0,0,0,0.001687132,0,0.002093285,0,53209755.26,161969299.9,63.86979821,0,0,63.33112802,30.00223619,3577.847,119.45167,0.002093285
122,810,NAMD,0.595491258,0,0,0,0.034993144,0.003783168,0.17688567,0,2172293574,995290742,38.73654439,3.447377443,3.011998629,38.35635927,56.7401049,4592.413,85.834599,0.180668838
123,817,LAMMPS,0.98290581,0,0,0,0.241276408,0.218700704,0.091408451,0,20764774.07,17110839.21,94.17517606,36.28609155,35.72183099,93.45334507,104.1022324,502.677,7,0.310109155
124,817,LSTM,0.518357143,0,0,0,0.001687132,0,0.001785714,0,40994415.79,119230239.1,58.57142857,0,0,58,29.83535714,33.008,116.9416197,0.001785714
125,817,NAMD,0.556654077,0,0,0,0.029505373,0.003984197,0.163368837,0,1861973976,786277016.8,30.49573325,2.731036662,2.235777497,29.90154867,51.35781147,5348.907,96.874241,0.167353034
126,825,LAMMPS,0.972493786,0,0,0,0.252721624,0.221957746,0.086277548,0,36741080.06,77945718.7,95.33140017,37.08533554,36.48715824,94.62717481,107.9009155,435.903,7,0.308235294
127,825,LSTM,0.632935829,0,0,0,0.001666689,0,0.002050906,0,52841511.87,161540599.8,63.39384553,0,0,62.84095347,30.13436543,3471.477,118.3672589,0.002050906
128,825,NAMD,0.578069232,0,0,0,0.032443184,0.004052787,0.17211429,0,2019397697,912151226.8,34.57243874,3.132543989,2.66847558,33.98503536,54.30475497,4977.027,89.5061225,0.176167077
129,832,LAMMPS,0.959605338,0,0,0,0.241386082,0.227900858,0.08371306,0,17440063.81,18934699.69,94.83984747,37.4613918,36.98570067,94.08770257,106.9193012,501.775,7,0.311613918
130,832,LSTM,0.629915097,0,0,0,0.001922178,0,0.002109927,0,53289771.94,162968467.6,63.57314726,0,0,63.05520418,30.14189612,3450.555,118.609352,0.002109927
131,832,NAMD,0.552900256,0,0,0,0.031554915,0.00424976,0.163845501,0,2025795478,836578830,32.21293628,2.891770733,2.461735511,31.68571886,54.09813625,5262.842,89.499996,0.168095261
132,840,LAMMPS,0.985392968,0,0,0,0.245780765,0.237760083,0.084552223,0,30199566.18,40247227.23,95.97724922,39.12202689,38.59358842,94.93071355,110.6881179,455.022,7,0.322312306
133,840,LSTM,0.423071823,0,0,0,2.76E-05,0,0.001027624,0,1424545.387,4674619.309,57.06077348,0,0,56.68232044,30.30134254,50.416,115.2916014,0.001027624
134,840,NAMD,0.526834513,0,0,0,0.031821225,0.003733736,0.149756342,0,1931506543,891230662,34.74926661,3.242277826,2.824676445,34.19516825,55.19416221,5012.081,95.367161,0.153490078
135,847,LAMMPS,0.986344199,0,0,0,0.24329722,0.222216683,0.088715244,0,20340500.57,28325325.43,95.16107383,38.18791946,37.76126558,93.86193672,109.2508802,456.834,7,0.310931927
136,847,LSTM,0.573020668,0,0,0,0.002042063,0,0.00165729,0,59297343.66,200745691.6,57.62037771,0,0,57.22147385,30.3157708,3735.872,122.9718578,0.00165729
137,847,NAMD,0.573700328,0,0,0,0.032481445,0.004173892,0.163244007,0,2060016306,873289172.3,37.66748768,3.511494253,2.99408867,37.30295567,56.8603156,4693.535,85.564026,0.167417899
138,855,LAMMPS,0.974694524,0,0,0,0.255091258,0.224103746,0.086571566,0,22572326.39,45172011.38,94.55427474,38.04322767,38.10758886,93.76176753,108.7975994,455.329,7,0.310675312
139,855,LSTM,0.542714286,0,0,0,0.001,0,0.002,0,53333779,163095000,55,0,0,54,30.38414286,33.51,120.4688174,0.002
140,855,NAMD,0.532627045,0,0,0,0.029057908,0.003533365,0.157465672,0,1875661359,778535387.8,30.58565929,2.849213988,2.362207251,30.27285852,53.59317533,5317.942,89.4256135,0.160999037
141,862,LAMMPS,0.977226773,0,0,0,0.255048951,0.235038961,0.085715285,0,23854482.34,15839458.04,94.74425574,39.07692308,38.50549451,94.01898102,110.7267662,498.181,7,0.320754246
142,862,LSTM,0.470545455,0,0,0,0.001,0,0.001727273,0,35901817.45,114663170.2,56.36363636,0,0,56,30.07381818,33.12,115.2169263,0.001727273
143,862,NAMD,0.545364062,0,0,0,0.032483855,0.003799398,0.16131387,0,2023184504,858467540,33.97875188,3.198092689,2.670737828,33.54977413,54.99855245,4994.355,86.376419,0.165113268
144,870,LAMMPS,0.971114114,0,0,0,0.262075075,0.219836837,0.085435435,0,28085711.71,58343143.93,95.1031031,39.10510511,38.37837838,94.42742743,112.3484204,433.881,7,0.305272272
145,870,LSTM,0.595925373,0,0,0,0.001915179,0,0.001902519,0,53063143.91,163797089.6,59.88772655,0,0,59.44676173,30.7208746,3489.434,118.3917611,0.001902519
146,870,NAMD,0.575608461,0,0,0,0.037058655,0.004070622,0.173925333,0,2228672521,1019215605,35.57256026,3.425922805,2.921961908,35.10112928,56.55663964,4820.527,87.31958,0.177995955
147,877,LAMMPS,0.95379207,0,0,0,0.239706963,0.224029014,0.08309381,0,41562734.74,216927630.1,92.23404255,38.06673114,37.3926499,91.55222437,108.4801489,498.076,7,0.307122824
148,877,LSTM,0.592452876,0,0,0,0.001735219,0,0.001824373,0,53368728.52,162079157.1,59.50831211,0,0,58.91540421,30.71502896,3509.223,116.6881744,0.001824373
149,877,NAMD,0.525203138,0,0,0,0.031650332,0.003953906,0.153358726,0,2030219313,921797137.6,31.4633673,3.002587741,2.496846191,30.8319586,54.74040256,5201.457,95.1925315,0.157312632
150,885,LAMMPS,0.954561335,0,0,0,0.250055937,0.223353288,0.083954858,0,36049695.06,49274341.86,91.73699706,37.89106968,37.63886163,91.04808636,109.3994524,497.199,7,0.307308146
151,885,LSTM,0.600837133,0,0,0,0.00162314,0,0.00178942,0,53831766.36,164012996.8,60.01733788,0,0,59.5240273,30.82330833,3493.212,114.8738035,0.00178942
152,885,NAMD,0.566649695,0,0,0,0.032673145,0.003987151,0.169357694,0,2103510562,861566155,31.4156762,2.997590748,2.521522647,30.94587215,54.32756296,5095.857,90.6439665,0.173344845
153,892,LAMMPS,0.977711759,0,0,0,0.278715921,0.200849116,0.088817898,0,16269753.41,31660809.89,93.61914672,39.88345473,39.56399584,92.96774194,112.9767742,497.581,7,0.289667014
154,892,LSTM,0.599241894,0,0,0,0.0016,0,0.001863624,0,53882684.14,164540365.8,60.56110354,0,0,59.88535422,30.81930191,3452.752,114.5311928,0.001863624
155,892,NAMD,0.532684757,0,0,0,0.033374888,0.003374351,0.160286763,0,2044391070,868141485,35.49722371,3.429697295,2.915278524,35.02632993,56.1679022,4712.088,82.750675,0.163661114
156,900,LAMMPS,0.974092293,0,0,0,0.271370124,0.208526166,0.087616556,0,29865842.63,89357841.46,93.1284491,38.6565176,38.16079924,92.41484301,111.8071056,450.565,7,0.296142722
157,900,LSTM,0.581070114,0,0,0,0.001674607,0,0.001707431,0,53491985.44,162935176.4,58.10855441,0,0,57.53146995,31.05112865,3581.591,117.9018044,0.001707431
158,900,NAMD,0.54654442,0,0,0,0.033854099,0.00387342,0.166089744,0,2098400111,922870249.6,37.1621524,3.626038281,3.120079451,36.75875767,58.82782918,4605.25,89.901882,0.169963164
159,907,LAMMPS,0.975418462,0,0,0,0.269668718,0.233829744,0.085836923,0,26799059.14,114498536.3,94.31692308,40.64410256,40.15487179,93.46153846,115.4275549,452.87,7,0.319666667
160,907,LSTM,0.580591665,0,0,0,0.00165128,0,0.001731319,0,53353956.28,162809022.8,58.22797212,0,0,57.66673567,31.05400186,3515.46,115.0772943,0.001731319
161,907,NAMD,0.521929222,0,0,0,0.034029205,0.00402491,0.15461261,0,2124901721,897700259.1,33.2532211,3.255626181,2.753650576,32.6715341,55.77284745,5034.425,93.175106,0.15863752
162,915,LAMMPS,0.965955852,0,0,0,0.27424846,0.218155031,0.084223819,0,22661795.67,23107688.29,93.31930185,40.14989733,39.69609856,92.47946612,113.5355339,450.718,7,0.30237885
163,915,LSTM,0.551044505,0,0,0,0.002060372,0,0.001487423,0,56790646.05,192381165.9,55.39512384,0,0,54.87229102,30.76877619,3678.61,116.928734,0.001487423
164,915,NAMD,0.542241694,0,0,0,0.034333978,0.003828617,0.158870628,0,2185478850,921545300.3,35.70697838,3.529091229,3.015468448,35.0562489,57.8979383,4724.227,86.999035,0.162699245
165,922,LAMMPS,0.952350663,0,0,0,0.271002039,0.203833843,0.086874618,0,50169034.88,122102625.2,93.63302752,40.55963303,39.57084608,92.90316004,114.151998,452.5,7,0.290708461
166,922,LSTM,0.574440607,0,0,0,0.00177568,0,0.001583768,0,53530639.77,162902620.1,57.72535018,0,0,57.34873661,31.16336906,3527.966,118.9199692,0.001583768
167,922,NAMD,0.504970796,0,0,0,0.03353528,0.004031562,0.147572102,0,2074887162,1073175228,34.41592599,3.39742427,2.937783421,33.92762561,58.19215454,4860.513,94.108284,0.151603664
168,930,LAMMPS,0.989777654,0,0,0,0.284052514,0.219715084,0.091241341,0,17328529.82,32122579.01,95.04581006,42.40223464,41.7452514,94.14636872,118.166324,451.678,7,0.310956425
169,930,LSTM,0.550833224,0,0,0,0.001839269,0,0.001423314,0,52032442.67,157912454.6,55.17492443,0,0,54.61979235,31.30497306,3753.166,119.5510385,0.001423314
170,930,NAMD,0.535257728,0,0,0,0.034237635,0.004031491,0.163073802,0,2121433565,935071940.6,33.36012365,3.33751932,2.886785162,32.79945904,58.18915881,5082.264,88.9413565,0.167105293
171,937,LAMMPS,0.965084926,0,0,0,0.268625265,0.224421444,0.088746285,0,22057993.7,45630663.8,92.9522293,40.49150743,40.49787686,92.09872611,115.103241,449.282,7,0.313167729
172,937,LSTM,0.572545307,0,0,0,0.001666442,0,0.001527684,0,53921605.17,163024714.8,57.68109386,0,0,57.27954085,31.32425658,3516.853,117.6752977,0.001527684
173,937,NAMD,0.54752567,0,0,0,0.036494253,0.003576628,0.157574713,0,2298562408,1039344014,38.46302682,3.906896552,3.400383142,37.96015326,60.34806149,4469.805,83.401718,0.161151341
174,945,LAMMPS,0.978394624,0,0,0,0.28017957,0.227524731,0.091563441,0,28948921.27,118836732.6,94.27419355,42.2344086,41.59354839,93.0655914,119.205472,425.739,7,0.319088172
175,945,LSTM,0.474090909,0,0,0,0.001666442,0,0.001636364,0,0,0,50.36363636,0,0,49.72727273,31.426,69.219,118.8058403,0.001636364
176,945,NAMD,0.528460871,0,0,0,0.033661288,0.00371317,0.158754815,0,2131041905,928417223.8,30.4945341,3.054659032,2.571403783,30.04129794,55.99115148,5113.437,88.7185825,0.162467985
177,952,LAMMPS,0.971583333,0,0,0,0.282962121,0.209522727,0.087708874,0,20983717.33,20346739.14,92.4491342,41.92965368,41.2478355,91.23809524,117.5124275,494.059,7,0.297231601
178,952,LSTM,0.559054932,0,0,0,0.001599917,0,0.00143753,0,53206941.48,161949952.3,56.24285813,0,0,55.67453707,31.57208584,3594.861,118.0350497,0.00143753
179,952,NAMD,0.517541808,0,0,0,0.032765913,0.00367194,0.150581168,0,2136392177,937027598.6,33.60922787,3.375141243,2.890583804,33.22109228,57.94440659,4905.547,89.983582,0.154253108
180,960,LAMMPS,0.976249723,0,0,0,0.272358491,0.230391787,0.090602664,0,22650693.17,36040244.49,93.33962264,42.08102109,41.6481687,92.70810211,118.9009845,498.678,7,0.320994451
181,960,LSTM,0.502991597,0,0,0,1.96E-05,0,0.001980392,0,942230.8627,3065989.333,51,0,0,50,31.27395238,51.969,116.2931639,0.001980392
182,960,NAMD,0.54923956,0,0,0,0.03695422,0.003951774,0.160027608,0,2302755068,1008170984,33.72689149,3.448366241,3.002446269,33.11742093,57.19924131,4700.569,88.693035,0.163979382
183,967,LAMMPS,0.980185227,0,0,0,0.283710227,0.204626136,0.095646591,0,28214743.7,17377687.73,94.45454545,43.25340909,42.7875,93.85,120.4224125,421.576,7,0.300272727
184,967,LSTM,0.549214659,0,0,0,0.001735794,0,0.001448436,0,53847264.06,163908572.4,55.08804657,0,0,54.66130846,31.691274,3597.689,116.1257136,0.001448436
185,967,NAMD,0.486295985,0,0,0,0.029885949,0.003406204,0.13960438,0,1898683949,838434974,28.14507299,2.898722628,2.416788321,27.72390511,55.17826953,5378.887,99.0209195,0.143010584
186,975,LAMMPS,0.958491909,0,0,0,0.265045307,0.221349515,0.084413161,0,48551533.84,25274895.47,92.78101402,41.48867314,41.0798274,92.03344121,117.9369666,448.464,7,0.305762676
187,975,LSTM,0.508856961,0,0,0,0.001749284,0,0.001271958,0,50896210.08,151593517.7,51.220823,0,0,50.69840361,31.80450881,3879.685,121.1028506,0.001271958
188,975,NAMD,0.520214091,0,0,0,0.03537032,0.003836794,0.16080582,0,2306966635,984249926,32.36113002,3.382062628,2.839857046,31.79288632,57.83943022,4908.708,84.269104,0.164642614
189,982,LAMMPS,0.507388587,0,0,0,0.035315217,0.145108696,0.055557065,0,28910665.38,17552903.98,93.5923913,36.63858696,36.30706522,93.25,126.803,133.662,7,0.200665761
190,982,LSTM,0.547724566,0,0,0,0.00182308,0,0.001448711,0,53616562.07,162909132.6,55.28979821,0,0,54.89027466,31.46425301,3533.94,116.9328044,0.001448711
191,982,NAMD,0.511137372,0,0,0,0.036290179,0.003564924,0.149964499,0,2199032309,1057858771,34.94385491,3.659077754,3.174030484,34.34748215,59.45182269,4621.989,80.100891,0.153529423
192,990,LAMMPS,0.95352067,0,0,0,0.277667039,0.228529609,0.083359777,0,38727238.4,104525459.7,93.51620112,42.77206704,42.33743017,92.77094972,120.8117844,447.231,7,0.311889386
193,990,LSTM,0.492792723,0,0,0,0.001853955,0,0.001233012,0,50083109.05,148236794.2,49.35065923,0,0,48.8563641,31.90346431,3993.901,123.2694048,0.001233012
194,990,NAMD,0.493425103,0,0,0,0.031225929,0.003263914,0.148898927,0,2034847199,858097974.7,27.86804294,2.864739884,2.442774566,27.18612717,54.26059438,5242.611,94.954193,0.152162841
195,997,LAMMPS,0.966688147,0,0,0,0.294104718,0.229266974,0.086147296,0,30143931.74,126367455.6,93.26237054,43.73302647,43.23475259,92.56731876,123.36016,495.317,7,0.31541427
196,997,LSTM,0.516780716,0,0,0,0.001858176,0,0.001284271,0,51319361.1,154918636.9,51.76774354,0,0,51.31832356,32.07464369,3815.269,117.6676436,0.001284271
197,997,NAMD,0.497885963,0,0,0,0.035551597,0.004048209,0.144243756,0,2243634005,1063156408,32.49583737,3.381219748,2.906292352,32.16340755,58.68985576,4890.274,88.0403445,0.148291965
198,1005,LAMMPS,0.977040526,0,0,0,0.285757941,0.211803943,0.085179628,0,26367146.82,81739103.56,92.92661555,43.10514786,42.47973713,92.05366922,121.3240471,448.654,7,0.296983571
199,1005,LSTM,0.532392369,0,0,0,0.001699789,0,0.001341155,0,53210407.82,162105512.6,53.56491872,0,0,53.11045365,32.20981201,3649.653,119.480911,0.001341155
200,1005,NAMD,0.510957549,0,0,0,0.035475637,0.003274456,0.149801403,0,2308322196,969625739.6,32.94868955,3.431524548,2.937246216,32.41528239,58.78298376,4826.01,86.0863035,0.153075859
201,1012,LAMMPS,0.954530612,0,0,0,0.290195011,0.214887755,0.085615646,0,49267719.33,67982254.81,93.56575964,44.23469388,43.5170068,92.10770975,122.7884671,424.194,7,0.300503401
202,1012,LSTM,0.468615385,0,0,0,0.001699789,0,0.001,0,0,0,35.07692308,0,0,35.07692308,31.74107692,69.409,114.9486241,0.001
203,1012,NAMD,0.517765054,0,0,0,0.034097894,0.003496306,0.153594385,0,2143515679,961417970.5,32.37347617,3.374953823,2.891946805,31.88474326,58.4891413,4912.677,90.311676,0.157090691
204,1020,LAMMPS,0.95548516,0,0,0,0.292038813,0.222170091,0.086742009,0,56132224.6,97875350.72,93.11757991,44.85844749,45.46004566,92.43493151,124.6516119,491.865,7,0.3089121
205,1020,LSTM,0.524579219,0,0,0,0.001646834,0,0.001351623,0,53737769.28,162810191,52.72196136,0,0,52.13368661,32.37052314,3659.741,119.6776952,0.001351623
206,1020,NAMD,0.499013165,0,0,0,0.033658431,0.003523895,0.148676646,0,2267713052,917811066.5,30.4541028,3.236970243,2.740306583,30.03336339,57.09714698,4929.94,90.8289565,0.152200541
207,1027,LAMMPS,0.969770255,0,0,0,0.318643729,0.206772475,0.087662597,0,20994519.87,58734543.27,92.42952275,44.71032186,44.24861265,91.7991121,124.0675794,445.2,6.666666667,0.294435072
208,1027,LSTM,0.525507929,0,0,0,0.001759818,0,0.001375893,0,53900781.01,163782506.4,52.80398829,0,0,52.33669094,31.98651535,3670.354,119.1172569,0.001375893
209,1027,NAMD,0.517820482,0,0,0,0.032933114,0.00359695,0.155024259,0,2136012331,810677661.7,27.32801941,2.897937966,2.403049731,26.82377404,54.75262398,5398.119,89.0366895,0.158621209
210,1035,LAMMPS,0.978395487,0,0,0,0.318837292,0.218353919,0.083825416,0,25146898.95,17532771.89,93.29453682,45.29572447,44.83491686,92.66508314,126.5448551,445.329,10.33333333,0.302179335
211,1035,LSTM,0.510162382,0,0,0,0.001765499,0,0.001295378,0,53715899.13,163453339.3,51.53119453,0,0,50.99677865,32.49854487,3699.654,114.9848353,0.001295378
212,1035,NAMD,0.485337129,0,0,0,0.031635213,0.003287238,0.144496385,0,2052374316,829087565.2,27.84201012,2.95318149,2.511749819,27.35809834,56.40346059,5296.805,86.8480305,0.147783623
213,1042,LAMMPS,0.959083333,0,0,0,0.313990868,0.204121005,0.080407534,0,35982405.63,42923351.14,91.99200913,44.68607306,44.26826484,91.3390411,123.4846199,487.122,7,0.284528539
214,1042,LSTM,0.523839702,0,0,0,0.001841222,0,0.001330616,0,54247089.77,165288702.5,52.50901679,0,0,52.19857666,32.59080101,3636.012,114.6381111,0.001330616
215,1042,NAMD,0.493966203,0,0,0,0.035432599,0.003148899,0.145226149,0,2185168682,903012289.4,31.69215913,3.410196987,2.920239475,31.03592121,60.39693105,5011.478,85.5595055,0.148375048
216,1050,LAMMPS,0.972393843,0,0,0,0.317730361,0.2250138,0.083330149,0,23409166.98,16051050.4,95.04246285,47.43949045,47.23673036,94.27494692,127.7642431,408.171,6.666666667,0.308343949
217,1050,LSTM,0.460666667,0,0,0,0.000666667,0,0.001,0,33688444.67,98299864.67,46.66666667,0,0,46,32.58933333,53.574,116.1790651,0.001
218,1050,NAMD,0.502964738,0,0,0,0.035545875,0.00338343,0.150168607,0,2263123924,921038874.9,28.13368709,2.985963711,2.543991784,27.59910989,57.43561503,5298.116,77.1179275,0.153552037
219,1057,LAMMPS,0.967574885,0,0,0,0.301587558,0.203971198,0.082951613,0,23042733.89,33873639.3,92.00460829,44.48156682,44.16589862,91.31797235,123.2640518,489.979,6.666666667,0.286922811
220,1057,LSTM,0.3858,0,0,0,0.000666667,0,0.001,0,0,0,38.3,0,0,37.3,32.691,71.369,118.7368511,0.001
221,1057,NAMD,0.519856248,0,0,0,0.03586305,0.003427139,0.148823845,0,2319115859,985273745.6,29.67006803,3.164518439,2.706050841,29.08718224,56.70808127,5036.266,93.6788175,0.152250984
222,1065,LAMMPS,0.98198032,0,0,0,0.305186962,0.213931119,0.088771218,0,38009066.67,158189942.8,94.53751538,48.62607626,48.0196802,93.82902829,128.9422731,440.359,6.666666667,0.302702337
223,1065,LSTM,0.490853847,0,0,0,0.001842528,0,0.001199142,0,51938523.07,155568003.2,49.36737359,0,0,48.894583,33.16178332,3903.917,119.4705952,0.001199142
224,1065,NAMD,0.490109341,0,0,0,0.036840669,0.003455885,0.144021111,0,2350495988,1005230820,31.40071699,3.405297749,2.935471022,30.84843657,59.8736668,4863.782,87.169174,0.147476996
225,1072,LAMMPS,0.993549757,0,0,0,0.300121359,0.226575243,0.085981796,0,21590617.39,55437118.18,95.75728155,49.49150485,48.91626214,94.98665049,133.2325934,396.627,6.666666667,0.312557039
226,1072,LSTM,0.502011444,0,0,0,0.001779441,0,0.001272721,0,54061311.77,164034708.9,50.67032601,0,0,50.0594145,32.85500479,3707.918,114.6166101,0.001272721
227,1072,NAMD,0.497137624,0,0,0,0.035221469,0.00318357,0.14941245,0,2256814684,963864410.3,30.54880373,3.350624603,2.846495871,30.10163032,60.77469426,5153.196,84.2203295,0.15259602
228,1080,LAMMPS,0.968547009,0,0,0,0.29931746,0.216725275,0.088622711,0,29881606.08,18350885.98,93.48717949,47.72527473,46.35897436,92.98046398,128.2783175,442.153,6.666666667,0.305347986
229,1080,LSTM,0.492839338,0,0,0,0.001717067,0,0.001189997,0,53473149.13,161591267.3,49.90645488,0,0,49.25724907,32.68926671,3742.904,115.9299572,0.001189997
230,1080,NAMD,0.504176707,0,0,0,0.035899416,0.003791347,0.148723804,0,2324436595,968566235,29.01898503,3.158999635,2.69769989,28.52427893,57.89947024,5186.114,91.5553935,0.152515151
231,1087,LAMMPS,0.967183777,0,0,0,0.305309252,0.223683143,0.084358682,0,51045820.34,159104230.2,94.6869455,49.04942966,48.44613435,93.94930292,133.4802991,442.609,6,0.308041825
232,1087,LSTM,0.503106622,0,0,0,0.001664441,0,0.001193901,0,53503518.87,162438062.2,50.30988436,0,0,49.94796256,33.10141141,3803.478,115.3839541,0.001193901
233,1087,NAMD,0.461807927,0,0,0,0.03324788,0.003525143,0.131322619,0,2185254324,1036558795,25.80358904,2.838296194,2.334647998,25.22717413,56.59898896,5560.797,81.7050095,0.134847762
234,1095,LAMMPS,0.971743772,0,0,0,0.315487544,0.21129656,0.083104389,0,20766242.3,18184653.2,92.78647687,46.56346382,46.09015421,92.16014235,127.2385694,413.497,6,0.294400949
235,1095,LSTM,0.466326908,0,0,0,0.001731537,0,0.001193075,0,52614903.65,159654635.9,46.93240837,0,0,46.29074836,33.16552348,3953.87,117.2021121,0.001193075
236,1095,NAMD,0.484874974,0,0,0,0.035726441,0.003085708,0.141794882,0,2272523302,1072333594,30.96713127,3.439151238,2.970667776,30.49199085,61.07417787,5005.936,87.3993795,0.14488059
237,1102,LAMMPS,0.962189698,0,0,0,0.316851759,0.199940955,0.085927136,0,21528666.66,28906607.2,92.71482412,46.87311558,46.17713568,91.80527638,128.7047889,439.65,6,0.285868091
238,1102,LSTM,0.463140524,0,0,0,0.001733083,0,0.00118447,0,51518640.07,154089481.9,46.67163599,0,0,46.09515167,33.22972388,3986.507,117.3024408,0.00118447
239,1102,NAMD,0.498722319,0,0,0,0.03675901,0.003280504,0.1510165,0,2451463677,1071289855,35.11528441,3.901650022,3.417933131,34.63764655,61.67965111,4645.091,83.923786,0.154297004
240,1110,LAMMPS,0.962332487,0,0,0,0.316752538,0.225102792,0.086005076,0,23787620.63,16685901.33,93.95812183,48.91751269,48.44162437,93.33883249,132.4712119,440.26,6,0.311107868
241,1110,LSTM,0.487573437,0,0,0,0.001705296,0,0.001204068,0,53345018.07,161336013.4,49.04217854,0,0,48.53426153,33.36909616,3783.746,117.8078981,0.001204068
242,1110,NAMD,0.4913737,0,0,0,0.037833839,0.003016031,0.139021664,0,2361061090,1216913904,36.04462738,4.087088388,3.586005199,35.59553726,64.66578488,4699.135,83.151241,0.142037695
243,1117,LAMMPS,0.985172494,0,0,0,0.303644522,0.200427739,0.087884615,0,20086560.59,17621358.07,91.77039627,46.43006993,45.8951049,90.60606061,126.8074662,488.485,6,0.288312354
244,1117,LSTM,0.481573365,0,0,0,0.00168362,0,0.001193531,0,53658355.11,162476443.7,48.44893324,0,0,47.86262904,33.46286249,3878.371,121.412194,0.001193531
245,1117,NAMD,0.479481132,0,0,0,0.036537158,0.003145745,0.139367732,0,2306571922,1017164410,29.68944936,3.348479014,2.91490181,29.17115903,59.58319831,5110.805,84.3817065,0.142513477
246,1125,LAMMPS,0.968315854,0,0,0,0.33015,0.213012195,0.082812195,0,37530514.53,147237667,93.32317073,48.88902439,48.56341463,92.66097561,132.2028073,440.316,6,0.29582439
247,1125,LSTM,0.481208011,0,0,0,0.001723895,0,0.001189434,0,53639432.45,161197284,48.61160221,0,0,47.99019337,33.12632693,3763.888,115.3321052,0.001189434
248,1125,NAMD,0.486623307,0,0,0,0.039161376,0.002743396,0.140433074,0,2473544974,1157081820,34.9054384,4.025305216,3.538512764,34.37869034,63.66977314,4691.614,82.343056,0.14317647
249,1132,LAMMPS,0.967097651,0,0,0,0.326106304,0.208555006,0.083630408,0,30844400,18071995.64,91.65512979,47.5512979,46.89245983,90.95055624,129.394063,486.664,6,0.292185414
250,1132,LSTM,0.487534604,0,0,0,0.001699337,0,0.001189115,0,54108724.35,167087553.9,48.85218953,0,0,48.50290095,33.1677787,3733.505,116.1772593,0.001189115
251,1132,NAMD,0.037,0,0,0,0.039161376,0,0.009,0,0,0,12,1,1,11,58.042,0,89.792038,0.009
252,1140,LAMMPS,0.979239272,0,0,0,0.339791938,0.215174252,0.082854356,0,16789700.51,16906980.37,92.66319896,47.62418726,47.04291287,91.83875163,132.1593576,440.145,6,0.298028608
253,1140,LSTM,0.412,0,0,0,0.001699337,0,0.001,0,0,0,25,0,0,21,33.609,73.402,116.4355681,0.001
254,1140,NAMD,0.48079989,0,0,0,0.036264743,0.003405514,0.143579332,0,2459418066,1009434810,28.74329012,3.256709878,2.831659668,28.43144057,61.35139967,5236.434,80.1461905,0.146984846
255,1147,LAMMPS,0.972780892,0,0,0,0.323723567,0.210385987,0.088173248,0,28309899.23,71878119.2,92.55286624,49.11719745,48.35923567,91.95796178,131.8773669,414.462,6,0.298559235
256,1147,LSTM,0.480058741,0,0,0,0.001602238,0,0.00120028,0,53992765.6,162141406.5,48.08825175,0,0,47.68202797,33.76762315,3803.09,115.5502139,0.00120028
257,1147,NAMD,0.486101695,0,0,0,0.032925989,0.003112806,0.142990772,0,2215371928,858868058.3,28.10885122,3.213559322,2.740489642,27.73672316,61.06025857,5287.247,92.7266235,0.146103578
258,1155,LAMMPS,0.958736059,0,0,0,0.323304833,0.211747212,0.082851301,0,39237290.1,15694594.94,92.61710037,49.03221809,47.88351921,91.98141264,132.2743532,437.071,6,0.294598513
259,1155,LSTM,0.468018772,0,0,0,0.001850643,0,0.001193362,0,54486933.41,164972890.5,46.91675168,0,0,46.51574509,34.70270482,3982.591,115.8587676,0.001193362
260,1155,NAMD,0.461338202,0,0,0,0.03482816,0.002833638,0.125977074,0,2251888063,1063288724,28.38019882,3.275106512,2.817610063,27.91945628,63.53394258,5389.33,90.6391375,0.128810712
261,1162,LAMMPS,0.964442038,0,0,0,0.332783439,0.211764331,0.089259873,0,59353385.89,90484309.49,92.87388535,50.10573248,49.54649682,92.41401274,134.8138726,436.703,6,0.301024204
262,1162,LSTM,0.467274543,0,0,0,0.001763971,0,0.001187496,0,53812529.72,163648323.7,46.71901633,0,0,46.34922907,34.34809694,3912.858,115.5296745,0.001187496
263,1162,NAMD,0.471167351,0,0,0,0.034616813,0.003051613,0.132111437,0,2243026622,990882174,26.60684262,3.030107527,2.584946237,26.13333333,61.13064301,5608.406,84.505325,0.13516305
264,1170,LAMMPS,0.944027132,0,0,0,0.332009044,0.219364341,0.073639535,0,62352061.45,188261827.4,91.65116279,49.69121447,49.14728682,90.98966408,136.3539367,495.761,6,0.293003876
265,1170,LSTM,0.453436702,0,0,0,0.001673845,0,0.001166187,0,53306404.6,158807283,45.54323547,0,0,45.2043737,34.83657427,4021.732,115.1939242,0.001166187
266,1170,NAMD,0.44528121,0,0,0,0.036214103,0.003146996,0.129516191,0,2336792759,1028797195,29.25713677,3.394546229,2.946953558,28.81465701,64.38938794,5324.007,91.973175,0.132663187
267,1177,LAMMPS,0.983613169,0,0,0,0.339316872,0.21217284,0.084897119,0,19625894.01,18660319.99,93.32784636,49.66255144,48.5994513,92.52537723,140.0706776,491.495,6,0.297069959
268,1177,LSTM,0.305882353,0,0,0,1.68E-05,0,0.001,0,817739.6303,2607752.387,42.0140056,0,0,41.68067227,34.82960784,57.524,114.6965725,0.001
269,1177,NAMD,0.452779382,0,0,0,0.034499599,0.003324308,0.127945848,0,2225809569,920147522.6,26.39029282,3.068190935,2.613918973,25.78259126,64.16825211,5904.767,84.749565,0.131270156
270,1185,LAMMPS,0.971743887,0,0,0,0.340505792,0.20870399,0.080117117,0,25327067.85,35760842.87,91.73616474,49.75032175,49.16344916,91.05276705,141.2339653,501.795,6,0.288821107
271,1185,LSTM,0.461147924,0,0,0,0.001836771,0,0.001191408,0,54444096.02,164845996.1,46.27936153,0,0,45.77923016,35.00750223,3926.115,114.9611127,0.001191408
272,1185,NAMD,0.436829296,0,0,0,0.034267824,0.00333181,0.121959095,0,2180543214,999182770.8,25.43327239,3.005941499,2.505255941,24.75205667,61.68802239,6004.393,92.1307185,0.125290905
273,1192,LAMMPS,0.967268556,0,0,0,0.340442645,0.21231309,0.086469636,0,52395896.65,25445307.63,94.11605938,52.4439946,52.1268556,93.5168691,143.3827206,427.151,6,0.298782726
274,1192,LSTM,0.459054299,0,0,0,0.001585366,0,0.001182927,0,54753409.84,166068196.7,45.91143208,0,0,45.4574874,35.53186844,3997.26,114.888826,0.001182927
275,1192,NAMD,0.484166495,0,0,0,0.037591407,0.00327391,0.145494113,0,2389688867,1070740750,27.23652138,3.155546375,2.7337327,26.77793844,63.28265957,5578.67,91.0924145,0.148768023
276,1200,LAMMPS,0.964665295,0,0,0,0.348978052,0.232775034,0.083748971,0,36678508.77,111792947.9,93.2441701,52.08093278,51.67626886,92.08230453,147.7607723,457.247,6,0.316524005
277,1200,LSTM,0.45319696,0,0,0,0.001843658,0,0.00117188,0,53982724.78,164238415.7,45.4436039,0,0,45.09391399,35.64933735,4060.883,115.2220535,0.00117188
278,1200,NAMD,0.489156177,0,0,0,0.039093001,0.002899483,0.13356341,0,2550209270,1238360631,34.31211837,4.137623297,3.631986848,33.87130108,69.71563246,5016.236,87.2891005,0.136462893
279,1207,LAMMPS,0.97515444,0,0,0,0.344009009,0.203527671,0.086743887,0,17321077.93,18335935.84,92.71814672,51.76962677,51.24324324,91.4015444,145.1396178,460.187,6,0.290271558
280,1207,LSTM,0.347769231,0,0,0,0.000692308,0,0.001,0,35060329.38,113477708.1,40,0,0,39.53846154,35.64276923,39.123,116.132881,0.001
281,1207,NAMD,0.496199052,0,0,0,0.03892108,0.003032969,0.145643519,0,2543493675,1121092315,30.29507521,3.556150835,3.088811045,29.77457243,67.90868329,5353.444,80.3993795,0.148676488
282,1215,LAMMPS,0.968756498,0,0,0,0.345971272,0.188909713,0.084235294,0,24830745.55,55714775.46,91.69220246,50.1874145,49.42954856,91.11354309,141.3391737,427.362,6,0.273145007
283,1215,LSTM,0.430662432,0,0,0,0.001743366,0,0.001144825,0,53074436.71,161211831.5,43.26713621,0,0,42.78468117,36.20769582,4288.553,117.643257,0.001144825
284,1215,NAMD,0.51010257,0,0,0,0.040315767,0.003273084,0.143334277,0,2653580724,1187025948,32.1700784,3.888501742,3.378484321,31.75370209,70.76910845,5061.76,79.7270775,0.146607361
285,1222,LAMMPS,0.95409456,0,0,0,0.332156736,0.207790155,0.084382124,0,31846517.17,44953297.16,92.5388601,51.7357513,51.32901554,91.69430052,148.4987772,465.28,6,0.292172279
286,1222,LSTM,0.411357143,0,0,0,0.001743366,0,0.001,0,132611,429982,41,0,0,40.5,36.2115,39.867,117.0006775,0.001
287,1222,NAMD,0.50361561,0,0,0,0.040351917,0.003197379,0.143002543,0,2638576405,1100120689,31.0528169,3.738458529,3.208333333,30.49980438,67.90982375,5237.312,81.147732,0.146199922
288,1230,LAMMPS,0.978075597,0,0,0,0.338180371,0.212363395,0.079147215,0,21761493.45,47753042.07,92.10344828,51.66312997,51.12068966,91.47082228,148.6884019,464.388,6,0.29151061
289,1230,LSTM,0.420697835,0,0,0,0.001825715,0,0.001147949,0,51923349.39,157418400.6,42.05950874,0,0,41.58844011,36.76318087,4417.713,117.8109184,0.001147949
290,1230,NAMD,0.441015259,0,0,0,0.035272297,0.002516656,0.125845476,0,2246328417,951042053.5,28.86804212,3.517945412,3.062970127,28.36922416,68.34378251,5761.056,91.6075855,0.128362132
291,1237,LAMMPS,0.973696676,0,0,0,0.341666205,0.212412742,0.082916898,0,28778871.79,87882158.18,93.21745152,52.04709141,51.70775623,92.50554017,154.1657839,444.602,6,0.29532964
292,1237,LSTM,0.44356128,0,0,0,0.001676736,0,0.001157804,0,53820253.23,162155116,44.53727843,0,0,44.18242637,36.74238334,4129.377,115.6625841,0.001157804
293,1237,NAMD,0.49072563,0,0,0,0.041231513,0.002981513,0.142211555,0,2661083657,1174877697,31.12521008,3.818277311,3.269537815,30.52815126,71.30030546,5599.29,83.2557485,0.145193068
294,1245,LAMMPS,0.946310847,0,0,0,0.328752646,0.21389418,0.075376984,0,46325553.51,71610923,91.90608466,51.19312169,51.48941799,90.88359788,151.4453439,524.205,6,0.289271164
295,1245,LSTM,0.3982,0,0,0,0.001,0,0.001,0,54905396,166114866,40,0,0,40,37.338,42.237,116.2690536,0.001
296,1245,NAMD,0.45107221,0,0,0,0.037740044,0.003410941,0.129559519,0,2453753346,1096525060,27.44945295,3.327571116,2.83654267,26.8536105,69.84192407,6070.459,82.7331005,0.13297046
297,1252,LAMMPS,0.978201657,0,0,0,0.323964088,0.229708564,0.084575967,0,27282335.53,15697305.75,93.29005525,53.0621547,52.57872928,92.57734807,157.2296934,529.269,6,0.314284531
298,1252,LSTM,0.387,0,0,0,0.001,0,0.001,0,71111111,216739853,39.64387464,0,0,39.3048433,37.34893447,80.424,116.5559404,0.001
299,1252,NAMD,0.409544473,0,0,0,0.032393089,0.002992539,0.120384057,0,2159035948,909372185.7,22.60789319,2.74592578,2.25780483,22.21814255,64.77948341,6663.365,90.4223405,0.123376596
300,1260,LAMMPS,0.944421333,0,0,0,0.327392,0.2024,0.076732,0,36661388.68,100219143.7,90.992,51.164,50.61866667,90.20266667,152.9226147,474.966,6,0.279132
301,1260,LSTM,0.437634681,0,0,0,0.001854352,0,0.001150788,0,55298511.16,169362388.2,44.23550377,0,0,43.5564085,37.55646162,4180.061,114.8712134,0.001150788
302,1260,NAMD,0.465909409,0,0,0,0.038431707,0.002597011,0.13592085,0,2317914659,988951964.3,27.89259865,3.452953537,2.938594443,27.56479103,71.30231637,5857.884,78.491215,0.138517861
303,1267,LAMMPS,0.978977454,0,0,0,0.378912467,0.216302387,0.075397878,0,27096865.43,27549150.09,91.85941645,52.87665782,52.88196286,91.09681698,155.7405637,477.562,6,0.291700265
304,1267,LSTM,0.437061836,0,0,0,0.00170102,0,0.001139704,0,54408797.33,164403147,44.01658686,0,0,43.45825526,38.05921827,4267.075,115.6039536,0.001139704
305,1267,NAMD,0.505984929,0,0,0,0.042684906,0.003211454,0.142137028,0,2746809754,1252027942,34.51936007,4.287502898,3.801530257,34.11500116,77.02669951,5270.246,75.663799,0.145348482
306,1275,LAMMPS,0.97230086,0,0,0,0.346753582,0.20652149,0.082581662,0,31369104.41,48807058.22,91.72492837,52.58166189,52.15329513,90.95558739,157.9062006,540.003,6,0.289103152
307,1275,LSTM,0.431129863,0,0,0,0.001831934,0,0.001145396,0,55092982.02,169220458.2,43.25685698,0,0,42.88574027,38.65526127,4343.344,118.6472572,0.001145396
308,1275,NAMD,0.45573007,0,0,0,0.038263642,0.002692791,0.129830901,0,2454308749,1146147504,27.5243656,3.385358185,2.957556703,27.23355042,71.46747923,6082.137,80.948658,0.132523692
309,1282,LAMMPS,0.970147606,0,0,0,0.343767287,0.214202128,0.087615691,0,24966782.84,57051488.21,90.90292553,52.38430851,52.12765957,89.34441489,156.8234801,491.084,6,0.301817819
310,1282,LSTM,0.406693528,0,0,0,0.001711301,0,0.001146961,0,53015704.09,159526754.8,40.92629634,0,0,40.36265766,39.12159562,4656.991,117.2641675,0.001146961
311,1282,NAMD,0.463357675,0,0,0,0.037101754,0.002669079,0.132940351,0,2447451454,1049810260,26.63925439,3.302192982,2.815570175,26.18442982,71.2874318,6050.716,88.193066,0.13560943
312,1290,LAMMPS,0.96425876,0,0,0,0.320850404,0.218513477,0.083939353,0,23667972,64974382.24,92.10916442,53.30592992,52.58490566,91.43396226,163.1732372,492.494,6,0.30245283
313,1290,LSTM,0.419074481,0,0,0,0.001738152,0,0.001141108,0,54110109.51,168168165.2,41.97271033,0,0,41.41041001,38.84577642,4511.351,119.9753106,0.001141108
314,1290,NAMD,0.436837802,0,0,0,0.036292488,0.0030308,0.129670507,0,2347368967,983440428.1,24.03124308,2.999778418,2.551074673,23.42831819,69.85517527,6596.762,85.9241905,0.132701307
315,1297,LAMMPS,0.96619015,0,0,0,0.347168263,0.211493844,0.077266758,0,24470237.85,17604946.71,90.35978112,52.62790698,52.07660739,89.85499316,160.5916689,550.134,6,0.288760602
316,1297,LSTM,0.428681258,0,0,0,0.001753082,0,0.001152237,0,54763368.87,166335116.8,43.02479568,0,0,42.3904973,39.87603124,4507.577,120.1101302,0.001152237
317,1297,NAMD,0.439799463,0,0,0,0.037685542,0.002630483,0.127877798,0,2488043061,1054483940,25.72470904,3.181736795,2.720904208,25.35362578,70.58457475,6333.872,92.1512945,0.130508281
318,1305,LAMMPS,0.957506812,0,0,0,0.350410082,0.200284741,0.080422343,0,41921883.79,76690826.28,91.63351499,53.63896458,53.08991826,90.9386921,164.6710954,492.738,6,0.280707084
319,1305,LSTM,0.387514212,0,0,0,0.001753082,0,0.001,0,383950.8527,1229237.984,36.98966408,0,0,36.33074935,39.82561757,66.525,117.0004926,0.001
320,1305,NAMD,0.463251737,0,0,0,0.03921087,0.002768492,0.127294442,0,2529776417,1080744038,27.36452799,3.40866367,2.919288925,27.02349816,71.85419248,6032.68,85.977581,0.130062934
321,1312,LAMMPS,0.983486034,0,0,0,0.374817039,0.202459497,0.075680168,0,16473827.27,16260636.52,91.0377095,52.47625698,51.8547486,89.15642458,163.5367263,473.525,6,0.278139665
322,1312,LSTM,0.413038737,0,0,0,0.001743048,0,0.00113015,0,54249261.82,166265294.7,41.46068183,0,0,40.83753501,40.05337207,4616.005,116.2045611,0.00113015
323,1312,NAMD,0.414396333,0,0,0,0.036280683,0.002908314,0.117826631,0,2372246960,1110159367,25.13648677,3.172744322,2.66326318,24.66367993,73.46792915,6616.951,85.6998905,0.120734945
324,1320,LAMMPS,0.968563319,0,0,0,0.388541485,0.207967977,0.076149927,0,36282829.73,18609333.01,92.61572052,54.74381368,52.47161572,91.90684134,171.0208457,559.215,6,0.284117904
325,1320,LSTM,0.394696783,0,0,0,0.002180474,0,0.001119623,0,66817118.22,226821264.3,39.83185972,0,0,39.28694554,40.70451757,4909.51,123.1447863,0.001119623
326,1320,NAMD,0.429095094,0,0,0,0.036737195,0.002945537,0.120018803,0,2558464068,1114320182,24.62329803,3.080829911,2.635184785,24.10265831,74.28822261,6847.837,80.446747,0.12296434
327,1327,LAMMPS,0.983,0,0,0,0.358242105,0.201482707,0.085030075,0,23674079.87,89667316.46,93.58345865,55.10977444,54.7924812,92.84511278,174.8088932,466.845,6,0.286512782
328,1327,LSTM,0.39020611,0,0,0,0.002024017,0,0.001126896,0,58199975.49,192804113.5,39.36257022,0,0,38.88293539,40.25350344,4858.52,120.4422311,0.001126896
329,1327,NAMD,0.46791689,0,0,0,0.040298075,0.002998781,0.129147941,0,2640684897,1229092953,31.25054838,4.007555447,3.55520351,30.88252498,81.67584718,6031.923,83.727253,0.132146722
330,1335,LAMMPS,0.975144399,0,0,0,0.382526316,0.195720648,0.08062888,0,28611416.02,16626597.91,92.39946019,55.7705803,55.40890688,91.70985155,170.4496869,505.302,6,0.276349528
331,1335,LSTM,0.39692561,0,0,0,0.001727303,0,0.001145209,0,53638865.97,162250194.4,39.83819348,0,0,39.34358262,41.31714237,4910.695,116.671185,0.001145209
332,1335,NAMD,0.397517557,0,0,0,0.035074271,0.002473931,0.112603533,0,2189769469,996572918.9,25.68248564,3.302191956,2.825069164,25.05533092,75.148382,6448.003,89.3765985,0.115077464
333,1342,LAMMPS,0.938558946,0,0,0,0.363316227,0.183733703,0.076897365,0,41662424.96,221120509.1,89.42163662,53.55617198,53.17059639,88.69486824,170.7933259,521.388,6,0.260631068
334,1342,LSTM,0.409333699,0,0,0,0.001793016,0,0.00114222,0,55503901.51,170121235.2,41.11903128,0,0,40.6365258,41.35103732,4688.808,115.1997065,0.00114222
335,1342,NAMD,0.196,0,0,0,0.035074271,0,0.02,0,0,0,26,3,3,26,58.052,1.22,88.2182805,0.02
336,1350,LAMMPS,0.973995984,0,0,0,0.371681392,0.199248996,0.078293173,0,40135086.65,18499787.49,90.89424364,53.96787149,53.59839357,90.35475234,175.8861473,574.869,6,0.277542169
337,1350,LSTM,0.408401291,0,0,0,0.001722663,0,0.001150617,0,54571289.33,163054702.6,41.1165083,0,0,40.60913346,41.58139221,4738.314,115.3530917,0.001150617
338,1350,NAMD,0.444665917,0,0,0,0.039092238,0.002929809,0.12655613,0,2564610432,1200804849,29.06591676,3.759730034,3.312485939,28.67851519,79.1458162,6207.798,87.0540885,0.129485939
339,1357,LAMMPS,0.963422475,0,0,0,0.373897582,0.196489331,0.078716927,0,51244369.77,61612284.1,92.36130868,55.76102418,55,91.62162162,179.7288563,521.49,6,0.275206258
340,1357,LSTM,0.384501332,0,0,0,0.002016889,0,0.00114655,0,53099868.62,162574193.6,38.69273608,0,0,38.16513317,41.5441523,5147.761,119.6603758,0.00114655
341,1357,NAMD,0.426309103,0,0,0,0.03792066,0.002631736,0.124828021,0,2540766081,1161564639,27.31667049,3.541618895,3.034625086,26.81816097,78.03859207,6342.162,83.9168355,0.127459757
342,1365,LAMMPS,0.969328058,0,0,0,0.378148201,0.207758273,0.072654676,0,44985483.64,65247337.12,91.87625899,55.66330935,55.15107914,91.02877698,181.2051928,577.178,6,0.280412949
343,1365,LSTM,0.386143103,0,0,0,0.001771035,0,0.001131774,0,52959876.95,161801542.2,38.75871207,0,0,38.35252418,42.14952166,5196,120.7449605,0.001131774
344,1365,NAMD,0.426871548,0,0,0,0.036782845,0.002769456,0.119327824,0,2411928331,1067213768,25.97782427,3.355230126,2.864016736,25.52531381,77.73405607,6666.693,85.1496735,0.12209728
345,1372,LAMMPS,0.952538012,0,0,0,0.381951754,0.197957602,0.074138889,0,42088093.79,85841728.22,91.57163743,56.51900585,55.94298246,91,183.7458246,532.73,6,0.272096491
346,1372,LSTM,0.404206928,0,0,0,0.001753941,0,0.001134057,0,54666465.26,167705886.4,40.65493639,0,0,40.03982301,42.67998064,4850.818,117.7303204,0.001134057
347,1372,NAMD,0.436488144,0,0,0,0.038631555,0.002738486,0.12120839,0,2392620976,997557368,25.97925217,3.370269038,2.87254902,25.4626083,78.9992264,6666.959,82.8403815,0.123946876
348,1380,LAMMPS,0.938409605,0,0,0,0.361084746,0.208009887,0.078387006,0,61467907.58,239225465.3,89.9759887,54.41242938,53.83757062,89.3079096,179.0170424,590.585,6,0.286396893
349,1380,LSTM,0.399427013,0,0,0,0.001903515,0,0.001131026,0,54808338.24,167762764.5,40.17903313,0,0,39.79221654,42.67205918,4822.767,118.8705311,0.001131026
350,1380,NAMD,0.41469442,0,0,0,0.038420694,0.002467707,0.108779218,0,2387896218,1111940366,24.75637083,3.203427065,2.710456942,24.42508787,77.10350417,6919.683,83.9895475,0.111246925
